objectid,dname,dmname,dvname,dcode,mcode,vcode,dmv_code,hname,district,subdistt,town_villa,ward,eb,level,name,tru,no_hh,tot_p,tot_m,tot_f,p_06,m_06,f_06,p_sc,m_sc,f_sc,p_st,m_st,f_st,p_lit,m_lit,f_lit,p_ill,m_ill,f_ill,tot_work_p,tot_work_m,tot_work_f,mainwork_p,mainwork_m,mainwork_f,main_cl_p,main_cl_m,main_cl_f,main_al_p,main_al_m,main_al_f,main_hh_p,main_hh_m,main_hh_f,main_ot_p,main_ot_m,main_ot_f,margwork_p,margwork_m,margwork_f,marg_cl_p,marg_cl_m,marg_cl_f,marg_al_p,marg_al_m,marg_al_f,marg_hh_p,marg_hh_m,marg_hh_f,marg_ot_p,marg_ot_m,marg_ot_f,margwork_3,margwork_4,margwork_5,marg_cl_3_,marg_cl_31,marg_cl_32,marg_al_3_,marg_al_31,marg_al_32,marg_hh_3_,marg_hh_31,marg_hh_32,marg_ot_3_,marg_ot_31,marg_ot_32,margwork_0,margwork_1,margwork_2,marg_cl_0_,marg_cl_01,marg_cl_02,marg_al_0_,marg_al_01,marg_al_02,marg_hh_0_,marg_hh_01,marg_hh_02,marg_ot_0_,marg_ot_01,marg_ot_02,non_work_p,non_work_m,non_work_f,source_table,created_at,district_28_legacy,district_code_28_legacy,district_name,district_lgd,SHAPE__Length,SHAPE__Area
424,WEST GODAVARI,BHIMAVARAM,Losarigutlapadu,"05","36","012","0536012",LOSARI,546,4984,588735,0,0,VILLAGE,Losarigutlapadu,Rural,6390,22831,11467,11364,2274,1131,1143,1545,745,800,75,34,41,14022,7572,6450,8809,3895,4914,10831,7031,3800,9253,6582,2671,976,914,62,6899,4549,2350,35,28,7,1343,1091,252,1578,449,1129,34,24,10,1380,367,1013,10,6,4,154,52,102,1337,399,938,25,19,6,1207,336,871,10,6,4,95,38,57,241,50,191,9,5,4,173,31,142,0,0,0,59,14,45,12000,4436,7564,villagewise_population,2026/02/20 19:03:55,West Godavari,"10",West Godavari,523,5562.48976341319,1296566.91596138
440,WEST GODAVARI,BHIMAVARAM,Narasimhapuram,"05","36","003","0536003",RAJIVNAGAR,546,4984,588727,0,0,VILLAGE,Narasimhapuram,Rural,589,2075,1016,1059,190,95,95,331,160,171,50,27,23,1324,682,642,751,334,417,1085,657,428,745,637,108,45,44,1,446,372,74,2,1,1,252,220,32,340,20,320,5,2,3,329,16,313,0,0,0,6,2,4,230,14,216,2,1,1,225,13,212,0,0,0,3,0,3,110,6,104,3,1,2,104,3,101,0,0,0,3,2,1,990,359,631,villagewise_population,2026/02/20 19:03:55,West Godavari,"10",West Godavari,523,6319.52239303225,1920586.75623273
8813,WEST GODAVARI,BHIMAVARAM,Annavaram,"05","36","001","0536001",VELLATURU,546,4984,588726,0,0,VILLAGE,Annavaram,Rural,404,1396,697,699,128,65,63,96,47,49,19,10,9,943,491,452,453,206,247,667,445,222,547,442,105,48,45,3,358,273,85,0,0,0,141,124,17,120,3,117,0,0,0,107,3,104,4,0,4,9,0,9,118,2,116,0,0,0,106,2,104,4,0,4,8,0,8,2,1,1,0,0,0,1,1,0,0,0,0,1,0,1,729,252,477,villagewise_population,2026/02/20 19:03:55,West Godavari,"10",West Godavari,523,7824.49555298642,3421329.43824194
8827,WEST GODAVARI,BHIMAVARAM,Bhimavaram (M), , , , , ,0,0,0,0,0, , , ,0,0,0,0,0,0,0,0,0,0,0,0,0,0,0,0,0,0,0,0,0,0,0,0,0,0,0,0,0,0,0,0,0,0,0,0,0,0,0,0,0,0,0,0,0,0,0,0,0,0,0,0,0,0,0,0,0,0,0,0,0,0,0,0,0,0,0,0,0,0,0,0,0,0,0,0,0,0,0,0,0,0,0,0,0,villagewise_population,2026/02/20 19:03:55,West Godavari,"10",West Godavari,523,8464.92432877462,3237142.71347577
8831,WEST GODAVARI,BHIMAVARAM,Kovvada,"05","36","002","0536002",KOVVADAPUNTHA,546,4984,588728,0,0,VILLAGE,Kovvada,Rural,819,2861,1395,1466,322,165,157,216,114,102,5,3,2,1784,905,879,1077,490,587,1264,872,392,1186,848,338,69,65,4,711,438,273,3,3,0,403,342,61,78,24,54,15,9,6,43,4,39,0,0,0,20,11,9,47,19,28,15,9,6,23,2,21,0,0,0,9,8,1,31,5,26,0,0,0,20,2,18,0,0,0,11,3,8,1597,523,1074,villagewise_population,2026/02/20 19:03:55,West Godavari,"10",West Godavari,523,9094.76088972605,2336914.99199301
8833,WEST GODAVARI,BHIMAVARAM,Bhimavaram (Rural), , , , , ,0,0,0,0,0, , , ,0,0,0,0,0,0,0,0,0,0,0,0,0,0,0,0,0,0,0,0,0,0,0,0,0,0,0,0,0,0,0,0,0,0,0,0,0,0,0,0,0,0,0,0,0,0,0,0,0,0,0,0,0,0,0,0,0,0,0,0,0,0,0,0,0,0,0,0,0,0,0,0,0,0,0,0,0,0,0,0,0,0,0,0,0,villagewise_population,2026/02/20 19:03:55,West Godavari,"10",West Godavari,523,28456.2764249175,11208214.0308143
8835,WEST GODAVARI,BHIMAVARAM,Gunupudi, , , , , ,0,0,0,0,0, , , ,0,0,0,0,0,0,0,0,0,0,0,0,0,0,0,0,0,0,0,0,0,0,0,0,0,0,0,0,0,0,0,0,0,0,0,0,0,0,0,0,0,0,0,0,0,0,0,0,0,0,0,0,0,0,0,0,0,0,0,0,0,0,0,0,0,0,0,0,0,0,0,0,0,0,0,0,0,0,0,0,0,0,0,0,0,villagewise_population,2026/02/20 19:03:55,West Godavari,"10",West Godavari,523,17168.6669612357,8310951.69941314
8851,WEST GODAVARI,BHIMAVARAM,Chinamiram (Rural),"05","36","004","0536004",CHINAMIRAM,546,4984,588729,0,0,VILLAGE,Chinamiram (Part),Rural,1267,4699,2304,2395,439,208,231,618,298,320,25,9,16,3356,1727,1629,1343,577,766,1884,1464,420,1853,1445,408,183,177,6,827,580,247,96,76,20,747,612,135,31,19,12,2,1,1,4,2,2,5,2,3,20,14,6,29,18,11,2,1,1,4,2,2,5,2,3,18,13,5,2,1,1,0,0,0,0,0,0,0,0,0,2,1,1,2815,840,1975,villagewise_population,2026/02/20 19:03:55,West Godavari,"10",West Godavari,523,10559.9639166385,5452419.60198505
8857,WEST GODAVARI,BHIMAVARAM,Rayalam (Rural),"05","36","005","0536005",BALUSUMUDI,546,4984,588730,0,0,VILLAGE,Rayalam (R) (Part),Rural,1648,5863,2956,2907,569,292,277,794,414,380,14,7,7,4276,2222,2054,1587,734,853,2485,1838,647,2331,1812,519,191,182,9,1007,689,318,40,36,4,1093,905,188,154,26,128,1,1,0,104,15,89,11,0,11,38,10,28,114,22,92,0,0,0,81,14,67,7,0,7,26,8,18,40,4,36,1,1,0,23,1,22,4,0,4,12,2,10,3378,1118,2260,villagewise_population,2026/02/20 19:03:55,West Godavari,"10",West Godavari,523,8833.39491608587,4518185.94847253
8871,WEST GODAVARI,BHIMAVARAM,Taderu,"05","36","008","0536008",HARIJANAWADA,546,4984,588731,0,0,VILLAGE,Taderu,Rural,1031,3666,1837,1829,341,161,180,282,138,144,27,11,16,2453,1281,1172,1213,556,657,1603,1155,448,1411,1062,349,108,99,9,1022,735,287,11,11,0,270,217,53,192,93,99,2,0,2,142,83,59,12,1,11,36,9,27,108,72,36,2,0,2,87,67,20,6,0,6,13,5,8,84,21,63,0,0,0,55,16,39,6,1,5,23,4,19,2063,682,1381,villagewise_population,2026/02/20 19:03:55,West Godavari,"10",West Godavari,523,16661.1554271859,9554443.26467486
8878,WEST GODAVARI,BHIMAVARAM,Komarada,"05","36","010","0536010",KOMARADA,546,4984,588733,0,0,VILLAGE,Komarada,Rural,680,2289,1172,1117,216,109,107,65,36,29,69,37,32,1580,823,757,709,349,360,1039,773,266,986,759,227,129,127,2,603,417,186,3,2,1,251,213,38,53,14,39,2,1,1,33,9,24,0,0,0,18,4,14,29,11,18,2,1,1,19,6,13,0,0,0,8,4,4,24,3,21,0,0,0,14,3,11,0,0,0,10,0,10,1250,399,851,villagewise_population,2026/02/20 19:03:55,West Godavari,"10",West Godavari,523,13562.0895042796,6815027.96662582
8880,WEST GODAVARI,BHIMAVARAM,Anakoderu,"05","36","011","0536011",LVN PURAM,546,4984,588734,0,0,VILLAGE,Anakoderu,Rural,1669,5697,2877,2820,571,282,289,328,157,171,12,5,7,3701,1946,1755,1996,931,1065,2708,1819,889,2360,1660,700,154,143,11,1840,1235,605,12,6,6,354,276,78,348,159,189,16,10,6,291,134,157,8,1,7,33,14,19,264,141,123,10,8,2,229,121,108,7,1,6,18,11,7,84,18,66,6,2,4,62,13,49,1,0,1,15,3,12,2989,1058,1931,villagewise_population,2026/02/20 19:03:55,West Godavari,"10",West Godavari,523,17934.2726665163,15821843.221584
8881,WEST GODAVARI,BHIMAVARAM,Bethapudi,"05","36","014","0536014",NADIPALLI,546,4984,588737,0,0,VILLAGE,Bethapudi,Rural,966,3326,1665,1661,349,186,163,678,339,339,26,14,12,2439,1270,1169,887,395,492,1666,1069,597,1557,1047,510,170,167,3,1139,698,441,2,1,1,246,181,65,109,22,87,5,2,3,70,15,55,2,0,2,32,5,27,80,20,60,5,2,3,62,13,49,2,0,2,11,5,6,29,2,27,0,0,0,8,2,6,0,0,0,21,0,21,1660,596,1064,villagewise_population,2026/02/20 19:03:55,West Godavari,"10",West Godavari,523,12919.5562236051,8123465.87125684
8883,WEST GODAVARI,BHIMAVARAM,Yenamadurru,"05","36","009","0536009",SRICHAKRAPURAM,546,4984,588732,0,0,VILLAGE,Yenamadurru,Rural,1156,3878,1954,1924,349,185,164,472,229,243,20,10,10,2602,1386,1216,1276,568,708,1901,1220,681,1828,1185,643,361,337,24,1197,635,562,12,6,6,258,207,51,73,35,38,11,6,5,21,8,13,8,0,8,33,21,12,69,33,36,11,6,5,19,8,11,8,0,8,31,19,12,4,2,2,0,0,0,2,0,2,0,0,0,2,2,0,1977,734,1243,villagewise_population,2026/02/20 19:03:55,West Godavari,"10",West Godavari,523,14256.6510424696,10936867.3634566
8893,WEST GODAVARI,BHIMAVARAM,Tundurru,"05","36","015","0536015",CHINAGARUVU,546,4984,588738,0,0,VILLAGE,Tundurru,Rural,1626,5418,2740,2678,538,288,250,739,365,374,64,30,34,3610,1903,1707,1808,837,971,2625,1735,890,2215,1684,531,270,266,4,1520,1089,431,7,7,0,418,322,96,410,51,359,5,2,3,345,39,306,23,0,23,37,10,27,393,48,345,5,2,3,340,38,302,16,0,16,32,8,24,17,3,14,0,0,0,5,1,4,7,0,7,5,2,3,2793,1005,1788,villagewise_population,2026/02/20 19:03:55,West Godavari,"10",West Godavari,523,20733.428053353,18719196.8764955
8902,WEST GODAVARI,BHIMAVARAM,Dirusumarru,"05","36","013","0536013",PATHURU,546,4984,588736,0,0,VILLAGE,Dirusumarru,Rural,2509,8645,4358,4287,852,413,439,339,175,164,55,26,29,5568,2997,2571,3077,1361,1716,4070,2805,1265,3750,2646,1104,381,368,13,2651,1713,938,16,9,7,702,556,146,320,159,161,3,3,0,299,145,154,5,4,1,13,7,6,195,132,63,2,2,0,177,119,58,5,4,1,11,7,4,125,27,98,1,1,0,122,26,96,0,0,0,2,0,2,4575,1553,3022,villagewise_population,2026/02/20 19:03:55,West Godavari,"10",West Godavari,523,15977.1449050702,14974163.5984442
8904,WEST GODAVARI,BHIMAVARAM,Forest, , , , , ,0,0,0,0,0, , , ,0,0,0,0,0,0,0,0,0,0,0,0,0,0,0,0,0,0,0,0,0,0,0,0,0,0,0,0,0,0,0,0,0,0,0,0,0,0,0,0,0,0,0,0,0,0,0,0,0,0,0,0,0,0,0,0,0,0,0,0,0,0,0,0,0,0,0,0,0,0,0,0,0,0,0,0,0,0,0,0,0,0,0,0,0,villagewise_population,2026/02/20 19:03:55,West Godavari,"10",West Godavari,523,46537.4996361814,51498546.4448891
8908,WEST GODAVARI,BHIMAVARAM,Losarigutlapadu,"05","36","012","0536012",LOSARI,546,4984,588735,0,0,VILLAGE,Losarigutlapadu,Rural,6390,22831,11467,11364,2274,1131,1143,1545,745,800,75,34,41,14022,7572,6450,8809,3895,4914,10831,7031,3800,9253,6582,2671,976,914,62,6899,4549,2350,35,28,7,1343,1091,252,1578,449,1129,34,24,10,1380,367,1013,10,6,4,154,52,102,1337,399,938,25,19,6,1207,336,871,10,6,4,95,38,57,241,50,191,9,5,4,173,31,142,0,0,0,59,14,45,12000,4436,7564,villagewise_population,2026/02/20 19:03:55,West Godavari,"10",West Godavari,523,23121.9331963649,32131008.6587221
8916,WEST GODAVARI,BHIMAVARAM,Vempa,"05","36","016","0536016",KOMATITIPPA (NORTH),546,4984,588739,0,0,VILLAGE,Vempa,Rural,1992,6892,3404,3488,716,348,368,2136,1035,1101,22,12,10,4547,2352,2195,2345,1052,1293,3408,2231,1177,2974,2178,796,489,470,19,2103,1399,704,15,13,2,367,296,71,434,53,381,2,0,2,422,47,375,0,0,0,10,6,4,432,52,380,2,0,2,420,46,374,0,0,0,10,6,4,2,1,1,0,0,0,2,1,1,0,0,0,0,0,0,3484,1173,2311,villagewise_population,2026/02/20 19:03:55,West Godavari,"10",West Godavari,523,16423.3825592985,15419657.3770497
8922,WEST GODAVARI,BHIMAVARAM,Forest, , , , , ,0,0,0,0,0, , , ,0,0,0,0,0,0,0,0,0,0,0,0,0,0,0,0,0,0,0,0,0,0,0,0,0,0,0,0,0,0,0,0,0,0,0,0,0,0,0,0,0,0,0,0,0,0,0,0,0,0,0,0,0,0,0,0,0,0,0,0,0,0,0,0,0,0,0,0,0,0,0,0,0,0,0,0,0,0,0,0,0,0,0,0,0,villagewise_population,2026/02/20 19:03:55,West Godavari,"10",West Godavari,523,15996.271342861,7456675.98243781
8929,WEST GODAVARI,BHIMAVARAM,Losarigutlapadu,"05","36","012","0536012",LOSARI,546,4984,588735,0,0,VILLAGE,Losarigutlapadu,Rural,6390,22831,11467,11364,2274,1131,1143,1545,745,800,75,34,41,14022,7572,6450,8809,3895,4914,10831,7031,3800,9253,6582,2671,976,914,62,6899,4549,2350,35,28,7,1343,1091,252,1578,449,1129,34,24,10,1380,367,1013,10,6,4,154,52,102,1337,399,938,25,19,6,1207,336,871,10,6,4,95,38,57,241,50,191,9,5,4,173,31,142,0,0,0,59,14,45,12000,4436,7564,villagewise_population,2026/02/20 19:03:55,West Godavari,"10",West Godavari,523,5707.73464320653,1116595.70867755
